symbol,timeframe,id,family,eligible9,pass9,eligible12,pass12,stressNet9,stressNet12,pf12,dd12,trades12,quoteVolume24h,spreadBps,openInterestNotional
MOODENGUSDT,15m,swp_wick_sfp,sweep20,9,8,12,11,3.0269031274026164,6.010022980599581,1.410119525875729,0.43676323364658376,534,4233737.76306,2.1184196589350837,2541303.8383150003
GPSUSDT,1h,swp_wick_sfp,sweep20,9,8,12,10,29.61861681042803,48.1727715508346,2.985432046167874,0.3433498950403361,140,6477708.864951,0.9285482148653746,7679531.988732499
MONUSDT,1h,sr25_poc_mean_reversion,sr35,9,8,11,10,7.240697393410345,22.43006303664008,1.7335737577012482,0.3811895937292443,274,54778121.10269,3.1560675398463185,36945005.4139
GPSUSDT,1h,sr_liquidity_sweep,sr35,9,8,12,10,13.515423162703211,21.005207488718113,2.2525939494112124,0.423639146037046,202,6477708.864951,0.9285482148653746,7679531.988732499
GPSUSDT,1h,sr25_liquidity_sweep_reclaim,sr35,9,8,12,10,13.515423162703211,21.005207488718113,2.2525939494112124,0.423639146037046,202,6477708.864951,0.9285482148653746,7679531.988732499
GPSUSDT,1h,swp_range24_reclaim,sweep20,9,8,12,10,13.515423162703211,21.005207488718113,2.2525939494112124,0.423639146037046,202,6477708.864951,0.9285482148653746,7679531.988732499
ZETAUSDT,4h,swp_opening_range,sweep20,9,8,12,10,3.299476948671783,4.935043145216718,1.8440563603638342,0.402255768554029,206,3649968.29596,3.8306837770540474,4148419.86078
GPSUSDT,15m,sr_liquidity_sweep,sr35,9,9,12,9,24.384679345530607,13.146877191735888,1.405492414145784,0.679834105691867,807,6477708.864951,0.9285482148653746,7679531.988732499
GPSUSDT,15m,sr25_liquidity_sweep_reclaim,sr35,9,9,12,9,24.384679345530607,13.146877191735888,1.405492414145784,0.679834105691867,807,6477708.864951,0.9285482148653746,7679531.988732499
GPSUSDT,15m,swp_range24_reclaim,sweep20,9,9,12,9,24.384679345530607,13.146877191735888,1.405492414145784,0.679834105691867,807,6477708.864951,0.9285482148653746,7679531.988732499
GPSUSDT,1h,swp_range12_reclaim,sweep20,9,8,12,9,4.431827903926236,7.228192785425588,1.560279434548822,0.34826527643473526,343,6477708.864951,0.9285482148653746,7679531.988732499
RENDERUSDT,1h,sr25_value_area_80,sr35,9,8,12,9,1.356674546643117,3.0887187692906677,1.6772995957851353,0.6884599340601394,196,20499665.0493,5.215123859191081,13165777.0465
LDOUSDT,1h,vis_bb_mean_reversion,visual28,9,8,12,9,1.5286784635042876,1.4633690451434287,1.5003439945559858,0.30182617041349735,156,41686586.5362,2.19130053686839,17682694.984500002
FLOCKUSDT,15m,swp_rsi_exhaustion,sweep20,9,7,12,9,7.167270897743327,9.093140525114212,1.4842874911502202,0.5725242224151228,442,14775337.01587,1.5249714067855318,3689666.83449
SAGAUSDT,15m,vis_rsi_entries,visual28,9,7,12,9,5.687680696302914,7.028569937398551,1.6244396416063098,0.4641981960363639,256,21625092.312644,4.008819402685745,7517095.072284499
GUSDT,1h,swp_asia_range,sweep20,9,7,12,9,1.6432496583001903,3.4736385262890765,1.7588237389098846,0.4817699548981047,212,7638156.475123,2.0774903916072147,4652498.0473125
CELOUSDT,1h,sr_liquidity_sweep,sr35,9,7,12,9,1.8258219864206215,2.373455832878444,1.7318337637268124,0.2997179922850902,153,11668911.680179,3.9643211100097497,3462369.030687
CELOUSDT,1h,sr25_liquidity_sweep_reclaim,sr35,9,7,12,9,1.8258219864206215,2.373455832878444,1.7318337637268124,0.2997179922850902,153,11668911.680179,3.9643211100097497,3462369.030687
CELOUSDT,1h,swp_range24_reclaim,sweep20,9,7,12,9,1.8258219864206215,2.373455832878444,1.7318337637268124,0.2997179922850902,153,11668911.680179,3.9643211100097497,3462369.030687
CVCUSDT,5m,vis_bollinger_rsi_double,visual28,9,7,12,9,2.5982502974773927,2.0555183626736144,1.2603662910007587,0.4060378673123842,669,8143549.95742,3.205641929796311,2552895.2326
COMPUSDT,1m,sr25_camarilla_h3_l3,sr35,9,7,12,9,1.2712860996211388,1.3379883796974394,1.335249330776117,0.3297380356833496,389,13025231.46,4.075810067250055,4778277.097965
CVCUSDT,5m,vis_rsi_entries,visual28,9,7,12,9,2.000312776017103,1.306419704055541,1.2020969850378604,0.4921818164014238,731,8143549.95742,3.205641929796311,2552895.2326
ETHFIUSDT,15m,swp_rsi_exhaustion,sweep20,9,7,12,9,1.1546736429922557,1.2349315059319226,1.211006431256205,0.4921540218481226,492,46221306.6336,1.2831205491754536,27239370.025965
WLFIUSDT,1h,vis_bb_mean_reversion,visual28,9,7,12,9,0.8477702378332765,0.9416149751460676,1.4622606978319266,0.5269112748585971,154,27390975.37843,1.8130722509297548,132966877.705585
GPSUSDT,1h,swp_volume_absorption,sweep20,9,6,12,9,24.328801582461715,75.58600600206506,3.7403046842052032,0.3806395156737219,137,6477708.864951,0.9285482148653746,7679531.988732499
SOONUSDT,5m,swp_range48_reclaim,sweep20,9,8,12,8,14.894697671090261,17.62076196588964,1.3772972368233716,0.6785115978658423,1167,348535675.9827,1.984323841650739,32184384.4599
0GUSDT,1h,vis_squeeze_momentum,visual28,9,8,12,8,6.243583398521778,1.4782405847515587,1.2209460358461233,0.738798099576853,374,67340625.3674,3.2824552765483177,12440374.524449999
GRASSUSDT,1h,sr_prior_day_sweep,sr35,9,7,12,8,11.053027309305177,13.011749808819498,1.9510497687916675,0.43311929164489216,159,59751715.91657,2.862868594331205,18988738.265465003
GRASSUSDT,1h,sr25_previous_day_sweep,sr35,9,7,12,8,11.053027309305177,13.011749808819498,1.9510497687916675,0.43311929164489216,159,59751715.91657,2.862868594331205,18988738.265465003
GRASSUSDT,1h,swp_prior_day,sweep20,9,7,12,8,11.053027309305177,13.011749808819498,1.9510497687916675,0.43311929164489216,159,59751715.91657,2.862868594331205,18988738.265465003
MONUSDT,15m,sr_liquidity_sweep,sr35,9,7,11,8,5.379121934520877,4.2679646356639545,1.336764855531419,0.6721530063796775,770,54778121.10269,3.1560675398463185,36945005.4139
MONUSDT,15m,sr25_liquidity_sweep_reclaim,sr35,9,7,11,8,5.379121934520877,4.2679646356639545,1.336764855531419,0.6721530063796775,770,54778121.10269,3.1560675398463185,36945005.4139
MONUSDT,15m,swp_range24_reclaim,sweep20,9,7,11,8,5.379121934520877,4.2679646356639545,1.336764855531419,0.6721530063796775,770,54778121.10269,3.1560675398463185,36945005.4139
MONUSDT,15m,swp_volume_absorption,sweep20,9,7,11,8,3.7147177213196656,3.3496158561509546,1.3410921222897794,0.765260809309806,444,54778121.10269,3.1560675398463185,36945005.4139
GUSDT,4h,swp_asia_range,sweep20,9,7,12,8,3.524055170126563,3.1059680344147766,1.6725743466406997,0.519900761344172,170,7638156.475123,2.0774903916072147,4652498.0473125
FLOCKUSDT,5m,swp_range48_reclaim,sweep20,9,7,12,8,4.684620000379453,2.7016551423949284,1.193406004925065,0.595433789162559,1129,14775337.01587,1.5249714067855318,3689666.83449
SUSHIUSDT,15m,swp_failed_breakout,sweep20,9,7,12,8,1.3447646615937736,2.2138748215814514,1.264610673069632,0.44489852736449165,686,15015464.1936,3.6771465342910274,4262954.553
GRASSUSDT,15m,sr25_value_area_80,sr35,9,7,12,8,2.89889929868567,0.3263613801630718,1.2337834018779315,0.7800205194795691,229,59751715.91657,2.862868594331205,18988738.265465003
JUPUSDT,1h,fib_golden_pocket,fib9,9,7,12,8,-0.17591317179818777,-0.2914343214169056,0.8470177862427934,0.6802139032577337,227,27202849.8996,3.050175385086,17054871.41965
JUPUSDT,1h,fib_retrace_618,fib9,9,7,12,8,-0.17591317179818777,-0.2914343214169056,0.8470177862427934,0.6802139032577337,227,27202849.8996,3.050175385086,17054871.41965
WLFIUSDT,15m,swp_range48_reclaim,sweep20,9,6,12,8,2.24075523516579,6.246244637247965,1.5140114298774772,0.47122406235214453,420,27390975.37843,1.8130722509297548,132966877.705585
DASHUSDT,1h,sr_liquidity_sweep,sr35,9,6,12,8,1.248826216442362,5.589958930495278,1.4912722397065779,0.7553746986719899,204,55323584.54,1.6726603663122876,26266269.5295
DASHUSDT,1h,sr25_liquidity_sweep_reclaim,sr35,9,6,12,8,1.248826216442362,5.589958930495278,1.4912722397065779,0.7553746986719899,204,55323584.54,1.6726603663122876,26266269.5295
DASHUSDT,1h,swp_range24_reclaim,sweep20,9,6,12,8,1.248826216442362,5.589958930495278,1.4912722397065779,0.7553746986719899,204,55323584.54,1.6726603663122876,26266269.5295
WUSDT,15m,vis_nadaraya_watson,visual28,9,6,12,8,0.9727505137961812,3.9147586200626536,1.3579226996636973,0.5415452196948924,409,8372458.3864559,3.001200480192475,5532956.7243818
1INCHUSDT,15m,swp_pivot_sfp_body,sweep20,9,6,12,8,1.151486607817867,1.382587600452231,1.2072728322235668,0.5370936203181003,868,3125543.65671,0.981113563896002,3160687.828725
PHAUSDT,1h,mavilimw,algo9,9,6,12,8,0.7925849171744381,0.47852741554731204,1.2342681866148792,0.5633596858410284,192,74823940.30509,1.360266612255475,7651761.977475001
LITUSDT,15m,swp_range48_reclaim,sweep20,9,7,11,7,10.446763235084193,10.446763235084193,1.606716876334425,0.47127630670171605,311,191479066.49647,1.0235152631712492,68281443.37364998
FLOCKUSDT,5m,swp_atr_expansion,sweep20,9,7,12,7,8.052578868845131,4.856420042172722,1.2183119592886054,0.5755764878289654,1404,14775337.01587,1.5249714067855318,3689666.83449
MAGMAUSDT,4h,vis_candlestick_reversal,visual28,9,7,9,7,4.522750437259136,4.522750437259136,1.7787776651387641,0.46947270557139453,128,4208908.94947,0.5317310504337461,3821230.80585
MONUSDT,15m,swp_range48_reclaim,sweep20,9,7,11,7,2.5253056662860893,2.8687914535957515,1.4879869208127443,0.7045029556749134,381,54778121.10269,3.1560675398463185,36945005.4139
MONUSDT,15m,swp_atr_expansion,sweep20,9,7,11,7,2.332957777013136,0.9698825439261849,1.1841367036561004,0.7471128549290235,473,54778121.10269,3.1560675398463185,36945005.4139
SNXUSDT,5m,sr25_pdh_fvg_mss,sr35,9,7,12,7,0.7207092370657051,-0.2482286015245173,1.044796097572458,0.7340421978564697,136,4425850.78096,3.9331366765012588,3142898.3574
POWERUSDT,15m,sr25_inverse_fvg,sr35,9,7,9,7,-0.7727474482145148,-0.7727474482145148,1.31992027363863,0.9646753844286148,308,4865125.38289,1.2372409526750539,3106547.2131000003
GRASSUSDT,5m,sr25_poc_mean_reversion,sr35,9,6,12,7,13.953416703047873,8.485694279636744,1.4112026515164684,0.6877004425005981,787,59751715.91657,2.862868594331205,18988738.265465003
BRUSDT,1h,sr25_kernel_supply_demand,sr35,9,6,12,7,6.828780724532669,7.498701324577569,1.4171076880335296,0.765983566217928,412,32828918.83662,3.259567894672767,15158174.611469999
GRASSUSDT,1m,sr25_poc_mean_reversion,sr35,9,6,12,7,3.1430024886539423,2.2626808487264922,1.249599155799344,0.7642004602931429,1646,59751715.91657,2.862868594331205,18988738.265465003
GRASSUSDT,15m,sr25_poc_mean_reversion,sr35,9,6,12,7,3.385751829062687,1.2062490364699139,1.2661897071399666,0.7609890845345846,451,59751715.91657,2.862868594331205,18988738.265465003
BOMEUSDT,1h,swp_pivot_sfp_body,sweep20,9,6,12,7,6.288798461853987,1.1745175622487762,1.3230694684553377,0.8221178160157394,247,9569888.2199508,1.0060868252935926,8401142.581973901
USELESSUSDT,1h,elliott_abc,fib9,9,6,12,7,1.225823910598042,0.9451697379647614,1.5927828719828128,0.3289348867838803,82,54389607.8582,0.42516102974043923,18620737.260965
VIRTUALUSDT,15m,swp_failed_breakout,sweep20,9,6,12,7,0.49284679482157157,-0.3989130618143879,1.0543730107140565,0.7947936984271604,643,38349288.31593,2.499375156210672,17147797.92083
MANAUSDT,5m,sr25_poc_mean_reversion,sr35,9,6,12,6,0.5040082993839725,-0.11627443603103804,1.0657647659623797,0.6679533363284074,725,4271916.9442,3.355517029249175,3411944.775675
GUSDT,5m,vis_nadaraya_watson,visual28,9,6,12,6,0.5939476330126494,-0.34436701529138225,1.0354626967481964,0.7650334368000092,1240,7638156.475123,2.0774903916072147,4652498.0473125
