family,symbol,timeframe,id,name,version,eligible3,pass3,eligible6,pass6,trades,winRate,pf,net,stressNet,dd,expectancy,recent3Net,recent3StressNet,recent6Net,recent6StressNet,longTrades,longNet,longPF,shortTrades,shortNet,shortPF,coverage,historyDays,firstBar,lastBar,quoteVolume24h,spreadBps,openInterestNotional,bidDepth10bps,askDepth10bps,currentHealthPass,healthRejectReason
algo9,SKYAIUSDT,4h,ott,Optimized Trend Tracker,kivanc-core-v1,3,3,6,6,88,0.4431818181818182,4.05517073769083,638.7469578760304,633.3750999077693,0.5804440512379623,0.1289703044880395,11.918254143929513,11.862253850019759,1171.6992545639441,1162.160456782313,44,18.26230972554412,3.9223887622848475,44,32.21237001124791,4.20538619673348,1,183,2026-04-01T00:00:00.000Z,2026-09-30T20:00:00.000Z,3893134.6275,4.681647940074716,6099454.489499999,863.8108,791.53017,False,THIN_10BPS_BOOK
sr35,QUSDT,5m,sr_range_edge,SR Range Edge Rejection,sr-v1,3,3,6,6,651,0.7050691244239631,2.219135969059694,278.769555488295,261.2634158456077,0.3576611489757018,0.009935714600582585,23.165546578610435,22.40612683102297,312.19820822272567,292.63307896288296,326,25.68682463143585,2.437822507296729,325,9.483433655075611,2.004384962637732,1,183,2026-04-01T00:00:00.000Z,2026-09-30T23:55:00.000Z,16937871.067976,4.045580203626904,7209770.924688,14719.353981999999,578.890645,False,THIN_10BPS_BOOK
sweep20,QUSDT,15m,swp_range48_reclaim,Sweep Range-48 Reclaim,sweep-v1,3,3,6,6,223,0.726457399103139,3.135730368300339,116.78155597250404,114.22776157459438,0.5210831162481349,0.02704198658547864,38.80103148752496,38.38144461792639,121.145525179609,118.52151803460801,112,16.74674511595009,4.4064742966357775,111,5.636797632634422,2.383507816937068,1,183,2026-04-01T00:00:00.000Z,2026-09-30T23:45:00.000Z,16937871.067976,4.045580203626904,7209770.924688,14719.353981999999,578.890645,False,THIN_10BPS_BOOK
visual28,SKYAIUSDT,15m,vis_sr_breaks,Support & Resistance Breaks — Derived Adapter,visual-derived-v1,3,3,6,6,147,0.38095238095238093,2.5206180036771157,69.98285357953523,68.95808610334214,0.6716613798388864,0.06100985685114375,5.631119812168163,5.588051921966806,85.06476282974093,83.83302328022226,74,5.963633499612049,2.556259514531857,73,9.193364366962996,2.475120405614206,1,183,2026-04-01T00:00:00.000Z,2026-09-30T23:45:00.000Z,3893134.6275,4.681647940074716,6099454.489499999,863.8108,791.53017,False,THIN_10BPS_BOOK
sr35,QUSDT,5m,sr25_liquidity_absorption,SR25 Liquidity Sweep + Volume Absorption,sr25-v1,3,3,6,6,679,0.6539027982326951,1.836162957364815,65.26963869399009,60.939025882248174,0.31236366561062534,0.007846896666561172,11.126355107964365,10.75012970257536,62.34915177403363,58.215038298109086,340,11.919210681029606,2.110994754819227,339,4.129542379187277,1.6277013404979908,1,183,2026-04-01T00:00:00.000Z,2026-09-30T23:55:00.000Z,16937871.067976,4.045580203626904,7209770.924688,14719.353981999999,578.890645,False,THIN_10BPS_BOOK
visual28,SKYAIUSDT,1h,vis_supertrend_10_3,SuperTrend 10/3 — Derived Adapter,visual-derived-v1,3,3,6,6,94,0.44680851063829785,3.0980468015596254,107.904841698574,106.91105180192052,0.49824906940652236,0.0914275193702435,0.9980859550110803,0.9903708145865397,32.020304876219065,31.7267695863272,47,7.042664118433654,2.926744287254473,47,12.540891437821687,3.327765659365993,1,183,2026-04-01T00:00:00.000Z,2026-09-30T23:00:00.000Z,3893134.6275,4.681647940074716,6099454.489499999,863.8108,791.53017,False,THIN_10BPS_BOOK
visual28,FOLKSUSDT,5m,vis_bollinger_rsi_double,Bollinger + RSI Double — Derived Adapter,visual-derived-v1,3,3,6,6,351,0.6894586894586895,1.9387238571431578,21.718044252023574,20.94053886603568,0.360838461999898,0.009859226901307342,2.5538706133681366,2.4915900605887393,22.288077325633928,21.484372340507207,176,5.8837949280556145,2.273487852599133,175,2.300220952171872,1.6693096013614253,1,183,2026-04-01T00:00:00.000Z,2026-09-30T23:55:00.000Z,7000120.5052,8.271298593880164,,,,False,WIDE_SPREAD
sr35,4USDT,1h,sr25_camarilla_h3_l3,SR25 Camarilla H3/L3 Mean Reversion,sr25-v1,3,3,6,6,146,0.6438356164383562,2.3620372528240847,19.064642450651785,18.77857695224123,0.4224989574770526,0.02507994249566725,5.856384480881024,5.808932842304345,16.99137684050114,16.743559885011702,73,4.977446624619065,2.6265747116261084,73,2.3567246536359465,2.0953159063322855,1,183,2026-04-01T00:00:00.000Z,2026-09-30T23:00:00.000Z,5382609.632397,1.412928293888864,8151154.030014501,296.617905,910.612849,False,THIN_10BPS_BOOK
visual28,PARTIUSDT,1h,vis_bb_mean_reversion,Bollinger Mean Reversion — Derived Adapter,visual-derived-v1,3,3,6,6,73,0.6575342465753424,3.7279108890784127,10.058399931429594,9.980171963737767,0.25203088975605537,0.03965677187178703,2.073312229347119,2.061957738819102,8.129032597863375,8.064293232991107,36,0.8512184981706337,2.217230143488245,37,4.973578992624298,5.527978683388612,1,183,2026-04-01T00:00:00.000Z,2026-09-30T23:00:00.000Z,3550238.13504,7.527286413247717,3043389.508625,2707.51115,486.41632,False,THIN_10BPS_BOOK
sweep20,NOMUSDT,1h,swp_wick_sfp,Sweep + Wick Rejection,sweep-v1,3,3,6,6,82,0.6707317073170732,2.7661641935979193,7.783556795386673,7.713351410244805,0.37215983685222787,0.03158105081990064,1.534449249737853,1.524545213534942,6.20379234798238,6.146070326728645,41,0.6285811957750407,1.669774894511068,41,4.393379721056266,5.984229803657362,1,183,2026-04-01T00:00:00.000Z,2026-09-30T23:00:00.000Z,33376476.125958,4.283572499463265,5713042.310007,1134.481981,590.593259,False,THIN_10BPS_BOOK
sweep20,QUSDT,15m,swp_volume_absorption,Sweep + Volume Absorption,sweep-v1,3,3,6,6,247,0.659919028340081,1.6569757752648773,5.451510217013181,5.294895031919871,0.46177754491014045,0.009973355655711153,2.130193905441507,2.094051839479059,5.8580165735925345,5.692244627120901,124,3.0723860048925475,2.204308022967243,123,0.584208915673113,1.3533959817584944,1,183,2026-04-01T00:00:00.000Z,2026-09-30T23:45:00.000Z,16937871.067976,4.045580203626904,7209770.924688,14719.353981999999,578.890645,False,THIN_10BPS_BOOK
sr35,EULUSDT,15m,sr25_value_area_80,SR25 Value-Area Edge / 80% Rule,sr25-v1,3,3,6,6,124,0.6774193548387096,2.6349022036621164,7.521948792177474,7.418495856940437,0.26156414800076966,0.01984064037500396,3.5906322091692706,3.5615112984014115,5.399627853853772,5.324299628210061,62,2.530137983174674,3.173603500594176,62,1.4140554371513954,2.191594005384671,1,183,2026-04-01T00:00:00.000Z,2026-09-30T23:45:00.000Z,3525997.6203,3.5835871707575344,2734504.3668899997,2569.46322,481.8919,False,THIN_10BPS_BOOK
sr35,PIEVERSEUSDT,5m,sr25_pdh_fvg_mss,SR25 PDH/PDL Sweep + FVG/MSS,sr25-v1,3,3,6,6,81,0.6790123456790124,1.9342479082457675,2.6308175068724626,2.6017590017214918,0.5034161290322581,0.022756515602498306,1.5714641901540665,1.5614058932059773,4.678971041009241,4.633775856419084,41,2.1525658084570587,2.6763287475882915,40,0.15170236799893333,1.394589365834376,1,183,2026-04-01T00:00:00.000Z,2026-09-30T23:55:00.000Z,3582725.7811,1.3787398317951192,16937041.86095,2198.3143,658.4809,False,THIN_10BPS_BOOK
visual28,GTCUSDT,4h,vis_candlestick_reversal,Candlestick Reversal Patterns — Derived Adapter,visual-derived-v1,3,3,6,6,87,0.5632183908045977,2.4550335790495583,3.258131901310377,3.2217568333430204,0.2697118123034352,0.019688560242335992,0.5238553649748003,0.5175246514203999,3.5144663013142807,3.4754808956133854,44,1.3092470693815499,2.3418841230558147,43,0.8439481672486298,2.6617384425006714,1,183,2026-04-01T00:00:00.000Z,2026-09-30T20:00:00.000Z,50765080.126413,4.27167876975634,2642434.755359,583.420116,1345.901637,False,THIN_10BPS_BOOK
sr35,EULUSDT,15m,sr25_lsob,SR25 Liquidity Sweep + Order Block,sr25-v1,3,3,6,6,162,0.5432098765432098,1.7291570631509636,3.1508141466107276,3.0844847207908863,0.44018537127261936,0.01210169321016544,0.7894284339313813,0.7734405131782784,3.245360303110581,3.1766969461337844,81,1.4263805814386523,2.1217608247128257,81,0.710702013675705,1.5159961862217988,1,183,2026-04-01T00:00:00.000Z,2026-09-30T23:45:00.000Z,3525997.6203,3.5835871707575344,2734504.3668899997,2569.46322,481.8919,False,THIN_10BPS_BOOK
algo9,GTCUSDT,1h,mavilimw,MavilimW,kivanc-core-v1,3,3,6,6,91,0.46153846153846156,2.115605437888083,2.250436291797318,2.2212851768980464,0.19829673005652593,0.016388119201865278,0.3671424944078212,0.36144979016450707,2.5050168709053136,2.4774409004774127,46,0.9911770068554031,2.2395819643756654,45,0.6324195591885726,1.9660853447099509,1,183,2026-04-01T00:00:00.000Z,2026-09-30T23:00:00.000Z,50765080.126413,4.27167876975634,2642434.755359,583.420116,1345.901637,False,THIN_10BPS_BOOK
sweep20,AUSDT,5m,swp_compression_reclaim,Compression Sweep + Reclaim,sweep-v1,3,3,6,6,399,0.6265664160401002,1.534995442917294,2.0780792941728734,1.9579755126287983,0.16482572580304422,0.0031051585519151857,0.8174352344787605,0.781006690729205,2.2496319205192603,2.1219144277114035,199,0.9563167804319637,1.5771843576391191,200,0.5734053528351504,1.4808788481229216,1,183,2026-04-01T00:00:00.000Z,2026-09-30T23:55:00.000Z,3629831.40865,5.071251077640295,3012824.79729,3109.77415,353.84753,False,THIN_10BPS_BOOK
sweep20,AUSDT,1m,swp_asia_range,Asia Range Sweep,sweep-v1,3,3,6,6,155,0.6903225806451613,1.806486066443681,1.8259616821332778,1.7827520661951826,0.24563250333143694,0.007443011024865687,0.3751844326135918,0.36521654169817075,1.927009819566385,1.8816894560051507,77,0.867218383616833,2.2723549408679977,78,0.513460721535606,1.543533723595796,1,183,2026-04-01T00:00:00.000Z,2026-09-30T23:59:00.000Z,3629831.40865,5.071251077640295,3012824.79729,3109.77415,353.84753,False,THIN_10BPS_BOOK
sweep20,ARKMUSDT,4h,swp_asia_range,Asia Range Sweep,sweep-v1,3,3,6,6,85,0.611764705882353,1.9499830815841968,1.3719541759697491,1.352045340326553,0.22926587922688757,0.011933245260024464,0.9340126830763045,0.9260216217168216,1.8812786570305158,1.8571496844779878,42,0.8075604550977373,2.8793631353597315,43,0.31224057778000835,1.4946716683367978,1,183,2026-04-01T00:00:00.000Z,2026-09-30T20:00:00.000Z,3906866.2953,7.56143667296703,2645963.70575,1762.0938,30.8259,False,THIN_10BPS_BOOK
sweep20,AUSDT,5m,swp_asia_range,Asia Range Sweep,sweep-v1,3,3,6,6,151,0.7086092715231788,1.7719571106767553,1.6309013433226478,1.591692811731518,0.18115624218704196,0.007148128077797055,0.5181068732501268,0.5062137109208678,1.7301806801432074,1.6889653687300878,75,0.8007180674860854,2.1518335030153217,76,0.461029014383993,1.5330911684138253,1,183,2026-04-01T00:00:00.000Z,2026-09-30T23:55:00.000Z,3629831.40865,5.071251077640295,3012824.79729,3109.77415,353.84753,False,THIN_10BPS_BOOK
sr35,BBUSDT,1m,sr25_camarilla_h3_l3,SR25 Camarilla H3/L3 Mean Reversion,sr25-v1,3,3,6,6,191,0.7277486910994765,1.6031097413112128,2.1978685197999894,2.137668797635997,0.331727240965781,0.0070769866489074195,0.8872636069137472,0.8704551119200026,1.5381921968750492,1.4920981905288007,95,0.14053631866115457,1.1762526331086944,96,1.8038287492272738,2.371124730749409,1,183,2026-04-01T00:00:00.000Z,2026-09-30T23:59:00.000Z,4237493.103407,4.1928721174009755,3359275.3375359997,788.9128059999999,1773.2924759999999,False,THIN_10BPS_BOOK
